<?xml version="1.0" encoding="UTF-8"?>
<beans xmlns="http://www.springframework.org/schema/beans" xmlns:xsi="http://www.w3.org/2001/XMLSchema-instance"
       xmlns:aop="http://www.springframework.org/schema/aop"
       xmlns:context="http://www.springframework.org/schema/context"
       xmlns:tx="http://www.springframework.org/schema/tx"
       xsi:schemaLocation="http://www.springframework.org/schema/beans http://www.springframework.org/schema/beans/spring-beans-3.1.xsd
            http://www.springframework.org/schema/aop http://www.springframework.org/schema/aop/spring-aop-3.1.xsd
            http://www.springframework.org/schema/context http://www.springframework.org/schema/context/spring-context-3.1.xsd
            http://www.springframework.org/schema/tx http://www.springframework.org/schema/tx/spring-tx-3.1.xsd"
       default-lazy-init="true">
       
     <bean id="xDataBrandDAO" class="com.xiu.search.dao.impl.XDataBrandDAOImpl">
     	<property name="sqlSessionFactory" ref="sqlSessionFactoryForGoods"></property>
     </bean>
       
     <bean id="xDataCatalogDAO" class="com.xiu.search.dao.impl.XDataCatalogDAOImpl">
     	<property name="sqlSessionFactory" ref="sqlSessionFactoryForGoods"></property>
     </bean>
     
     <bean id="xSalesCatalogCondDAO" class="com.xiu.search.dao.impl.XSalesCatalogCondDAOImpl">
     	<property name="sqlSessionFactory" ref="sqlSessionFactoryForGoods"></property>
     </bean>
     <bean id="xTagDAO" class="com.xiu.search.dao.impl.XTagDAOImpl">
     	<property name="sqlSessionFactory" ref="sqlSessionFactoryForGoods"></property>
     </bean>
     
     <bean id="xiuCatRecommendDAO" class="com.xiu.search.dao.impl.XiuCatRecommendDAOImpl">
     	<property name="sqlSessionFactory" ref="sqlSessionFactoryForSearch"></property>
     </bean>
     
     <bean id="xiuBrandRecommendDAO" class="com.xiu.search.dao.impl.XiuBrandRecommendDAOImpl">
     	<property name="sqlSessionFactory" ref="sqlSessionFactoryForSearch"></property>
     </bean>
     
     <bean id="xiuItemInfoDAO" class="com.xiu.search.dao.impl.XiuItemInfoDAOImpl">
     	<property name="sqlSessionFactory" ref="sqlSessionFactoryForSearch"></property>
     </bean>
     
     <!-- 运营分类改造 添加的 -->
     <bean id="xiuCatalogDAO" class="com.xiu.search.dao.impl.XiuCatalogDAOImpl">
     	<property name="sqlSessionFactory" ref="sqlSessionFactoryForGoods"></property>
     </bean>
     
    <!--     从数据库读取配置DAO -->
    <bean id="xiuSearchConfigDAO" class="com.xiu.search.dao.impl.XiuSearchConfigDAOImpl">
        <property name="sqlSessionFactory" ref="sqlSessionFactoryForSearch"></property>
    </bean>
    
    
    <!--  从数据库读取Seo关键词DAO -->
    <bean id="xiuSEOKeywordDAO" class="com.xiu.search.dao.impl.XiuSEOKeywordDAOImpl">
        <property name="sqlSessionFactory" ref="sqlSessionFactoryForSearch"></property>
    </bean>
    
     <!-- 从数据库读取属性项名称DAO -->
    <bean id="xDataAttrDescDAO" class="com.xiu.search.dao.impl.XDataAttrDescDAOImpl">
        <property name="sqlSessionFactory" ref="sqlSessionFactoryForGoods"></property>
    </bean>

     <bean id="deliverTypeDAO" class="com.xiu.search.dao.impl.DeliverTypeDAOImpl">
     	<property name="sqlSessionFactory" ref="sqlSessionFactoryForGoods"></property>
     </bean>
    
</beans>